cohort,h1,seed,trigger,bb_candidates,bb_hit_trigger,gt_trigger_error,ordinary_accuracy,bb_f0,bb_f1,bb_f2,bb_f3,bb_f4,wb_f0,wb_f1,wb_f2,wb_f3,wb_f4,wb_f5
simple,0,10000,27,31 22 29 25,0,0.181640625,1.0,0.28125,0.171875,0.06346905003621844,0.125,0.0,1.7353590726852417,0.14461325109004974,0.4796278774738312,1.7353590726852417,1.0,1.7353590726852417
simple,0,10001,22,23 21 30 31,0,0.140625,1.0,0.171875,0.15234375,0.017026948998205758,0.125,0.0,0.6508127450942993,0.054234396666288376,0.17987513542175293,0.6508127450942993,1.0,0.6508127450942993
simple,0,10002,29,25 22 27 31,0,0.177734375,1.0,0.375,0.21875,0.10423175050098699,0.109375,0.0,1.483406901359558,0.12361723929643631,0.4099920094013214,1.483406901359558,1.0,1.483406901359558
simple,0,10003,24,30 21 23 29,0,0.1484375,1.0,0.171875,0.140625,0.019136638615493577,0.125,0.0,1.7847599983215332,0.14872999489307404,0.49328163266181946,1.7847599983215332,1.0,1.7847599983215332
simple,0,10004,31,29 28 21 24,0,0.1484375,1.0,0.25,0.15625,0.05740991584648074,0.109375,0.0,1.2911083698272705,0.10759236663579941,0.356843501329422,1.2911083698272705,1.0,1.2911083698272705
simple,0,10005,26,23 29 28 31,0,0.16796875,1.0,0.1875,0.1484375,0.0234375,0.125,0.0,1.2131147384643555,0.10109289735555649,0.3352872133255005,1.2131147384643555,1.0,1.2131147384643555
simple,0,10006,21,29 31 21 20,1,0.14453125,1.0,0.21875,0.15625,0.0427908248050911,0.109375,0.0,0.9966703653335571,0.08305586129426956,0.27546513080596924,0.9966703653335571,1.0,0.9966703653335571
simple,0,10007,28,30 20 29 21,0,0.158203125,1.0,0.21875,0.15234375,0.04605400829121717,0.109375,0.0,0.8491644263267517,0.07076369971036911,0.2346966415643692,0.8491644263267517,1.0,0.8491644263267517
simple,0,10008,23,28 29 25 22,0,0.169921875,1.0,0.25,0.19921875,0.03726325005534944,0.15625,0.0,1.4023854732513428,0.11686545610427856,0.3875989019870758,1.4023854732513428,1.0,1.4023854732513428
simple,0,10009,30,26 25 27 31,0,0.169921875,1.0,0.25,0.1953125,0.05002440810494413,0.125,0.0,1.7461704015731812,0.14551420509815216,0.48261600732803345,1.7461704015731812,1.0,1.7461704015731812
simple,1,11000,31,29 25 24 26,0,0.13671875,1.0,0.296875,0.22265625,0.04332240822816179,0.1875,0.0,3.2794296741485596,0.27328580617904663,0.9063864350318909,3.2794296741485596,1.0,3.2794296741485596
simple,1,11001,26,24 23 22 27,0,0.154296875,1.0,0.21875,0.18359375,0.03000447557761175,0.140625,0.0,1.676575779914856,0.13971464335918427,0.4633811116218567,1.676575779914856,1.0,1.676575779914856
simple,1,11002,21,29 31 23 30,0,0.1875,1.0,0.3125,0.1875,0.07411588266019639,0.125,0.0,4.892382621765137,0.40769854187965393,1.3521831035614014,4.892382621765137,1.0,4.892382621765137
simple,1,11003,28,25 22 28 20,1,0.171875,1.0,0.375,0.19921875,0.12469445077744037,0.046875,0.0,4.034017562866211,0.3361681401729584,1.1149436235427856,4.034017562866211,1.0,4.034017562866211
simple,1,11004,23,30 31 20 25,0,0.146484375,1.0,0.3125,0.171875,0.09820160226544168,0.046875,0.0,1.948088526725769,0.16234071552753448,0.5384232401847839,1.948088526725769,1.0,1.948088526725769
simple,1,11005,30,21 20 26 31,0,0.14453125,1.0,0.125,0.08984375,0.02789620479899551,0.046875,0.0,2.7140159606933594,0.22616799175739288,0.750114381313324,2.7140159606933594,1.0,2.7140159606933594
simple,1,11006,25,31 27 30 25,1,0.375,1.0,0.28125,0.16796875,0.0791919333309113,0.09375,0.0,2.9834792613983154,0.24862326681613922,0.8245900273323059,2.9834792613983154,1.0,2.9834792613983154
simple,1,11007,20,28 31 30 20,1,0.130859375,1.0,0.234375,0.140625,0.06720566614877052,0.0625,0.0,3.492645263671875,0.29105377197265625,0.965316116809845,3.492645263671875,1.0,3.492645263671875
simple,1,11008,27,30 29 31 27,1,0.369140625,1.0,0.421875,0.203125,0.129319885603491,0.09375,0.0,4.486802101135254,0.3739001750946045,1.2400864362716675,4.486802101135254,1.0,4.486802101135254
simple,1,11009,22,27 30 31 25,0,0.1484375,1.0,0.3125,0.18359375,0.07763518325918668,0.109375,0.0,4.104704856872559,0.3420587480068207,1.1344804763793945,4.104704856872559,1.0,4.104704856872559
contextual,0,30000,23,31 28 26 29,0,0.130859375,1.0,0.203125,0.15625,0.029231698334171417,0.125,0.0,1.1899681091308594,0.09916400909423828,0.32888978719711304,1.1899681091308594,1.0,1.1899681091308594
contextual,0,30001,30,23 26 22 29,0,0.140625,1.0,0.21875,0.16015625,0.03558763116853242,0.125,0.0,1.3517273664474487,0.11264394968748093,0.3735977113246918,1.3517273664474487,1.0,1.3517273664474487
contextual,0,30002,25,27 22 26 28,0,0.1875,1.0,0.21875,0.1484375,0.05002440810494413,0.078125,0.00390625,3.11549711227417,0.25962474942207336,0.8610778450965881,3.11549711227417,1.0,3.11549711227417
contextual,0,30003,20,26 25 22 30,0,0.1484375,1.0,0.34375,0.1640625,0.10510643786776336,0.078125,0.0,0.9764021635055542,0.08136684447526932,0.2698633074760437,0.9764021635055542,1.0,0.9764021635055542
contextual,0,30004,27,21 27 30 29,1,0.162109375,1.0,0.15625,0.109375,0.03983608994994363,0.0625,0.0,1.7713561058044434,0.14761300384998322,0.48957693576812744,1.7713561058044434,1.0,1.7713561058044434
contextual,0,30005,22,20 26 23 25,0,0.140625,1.0,0.34375,0.19921875,0.09001342673283526,0.109375,0.0,0.5676649212837219,0.047305408865213394,0.15689429640769958,0.5676649212837219,1.0,0.5676649212837219
contextual,1,31000,27,30 27 20 25,1,0.16015625,1.0,0.328125,0.2109375,0.07117526233706484,0.140625,0.0,2.7247793674468994,0.22706495225429535,0.7530892491340637,2.7247793674468994,1.0,2.7247793674468994
contextual,1,31001,22,20 30 24 27,0,0.16015625,1.0,0.171875,0.12890625,0.03382911733532964,0.078125,0.0,2.976504325866699,0.248042032122612,0.8226622939109802,2.976504325866699,1.0,2.976504325866699
contextual,1,31002,29,28 20 25 30,0,0.1640625,1.0,0.3125,0.203125,0.08414320011147662,0.09375,0.0,3.944786548614502,0.3287322223186493,1.090281367301941,3.944786548614502,1.0,3.944786548614502
contextual,1,31003,24,20 31 28 22,0,0.1640625,1.0,0.25,0.1640625,0.05122998847110938,0.125,0.0,2.6873700618743896,0.22394751012325287,0.742749810218811,2.6873700618743896,1.0,2.6873700618743896
contextual,1,31004,31,22 26 21 29,0,0.142578125,1.0,0.21875,0.171875,0.048159484398195125,0.109375,0.0,2.917971134185791,0.24316425621509552,0.806484580039978,2.917971134185791,1.0,2.917971134185791
contextual,1,31005,26,20 28 23 31,0,0.181640625,1.0,0.25,0.17578125,0.04332240822816179,0.140625,0.0,1.5843522548675537,0.13202935457229614,0.4378918409347534,1.5843522548675537,1.0,1.5843522548675537
weak,0,50000,31,24 31 28 29,1,0.177734375,1.0,0.21875,0.13671875,0.06477782793662891,0.046875,0.0,1.0587875843048096,0.08823230117559433,0.29263344407081604,1.0587875843048096,1.0,1.0587875843048096
weak,0,50001,26,29 24 25 30,0,0.166015625,1.0,0.28125,0.2109375,0.04621937330546575,0.15625,0.0,1.3090420961380005,0.10908684134483337,0.36180010437965393,1.3090420961380005,1.0,1.3090420961380005
weak,0,50002,21,23 20 30 26,0,0.150390625,1.0,0.21875,0.17578125,0.04863242030464349,0.09375,0.0,1.2077800035476685,0.10064833611249924,0.33381274342536926,1.2077800035476685,1.0,1.2077800035476685
weak,0,50003,28,25 27 28 30,1,0.14453125,1.0,0.28125,0.19921875,0.057807221042768524,0.125,0.0,0.5528233051300049,0.04606860876083374,0.152792289853096,0.5528233051300049,1.0,0.5528233051300049
weak,0,50004,23,26 21 20 29,0,0.13671875,1.0,0.125,0.109375,0.011048543456039806,0.09375,0.0,1.1180248260498047,0.09316873550415039,0.3090057671070099,1.1180248260498047,1.0,1.1180248260498047
weak,0,50005,30,28 23 27 22,0,0.17578125,1.0,0.1875,0.12890625,0.040406564190580474,0.078125,0.0,1.764623761177063,0.14705197513103485,0.4877162277698517,1.764623761177063,1.0,1.764623761177063
weak,1,51000,23,22 28 26 27,0,0.162109375,1.0,0.15625,0.13671875,0.01295556558732578,0.125,0.0,1.9906182289123535,0.1658848524093628,0.550177812576294,1.9906182289123535,1.0,1.9906182289123535
weak,1,51001,30,29 22 26 24,0,0.154296875,1.0,0.140625,0.12109375,0.02029747040119778,0.09375,0.0,2.161142587661743,0.18009521067142487,0.5973082780838013,2.161142587661743,1.0,2.161142587661743
weak,1,51002,25,23 30 22 31,0,0.287109375,1.0,0.265625,0.18359375,0.06754537681949446,0.078125,0.0,2.650641679763794,0.22088681161403656,0.7325986623764038,2.650641679763794,1.0,2.650641679763794
weak,1,51003,20,27 23 31 29,0,0.162109375,1.0,0.203125,0.171875,0.024705294220065465,0.140625,0.0,3.269150733947754,0.2724292278289795,0.9035455584526062,3.269150733947754,1.0,3.269150733947754
weak,1,51004,27,28 24 23 30,0,0.115234375,1.0,0.203125,0.1640625,0.0234375,0.140625,0.0,3.12971568107605,0.26080963015556335,0.865007758140564,3.12971568107605,1.0,3.12971568107605
weak,1,51005,22,24 31 20 26,0,0.14453125,1.0,0.203125,0.17578125,0.023109686652732876,0.140625,0.0,3.085381031036377,0.25711509585380554,0.8527541756629944,3.085381031036377,1.0,3.085381031036377